,id,P1,P2
0,1108084709895143429,none,none
1,1163517964185985027,none,none
2,1225443061339127810,disgust,other
3,1150842499553996800,none,none
4,1081515688609660928,none,none
5,1275400203198246913,none,none
6,1092420005835300866,none,none
7,1215423504465776640,none,none
8,1210220294037819392,disgust,anger
9,1176806176622817281,disgust,other
10,1203333543168008206,disgust,anger
11,1119450518244462592,none,none
12,1250816905826447368,anticipation,other
13,1150544794663497735,disgust,anger
14,1184541790784933896,surprise,disgust
15,1151703170785189888,none,none
16,1228650233472614406,other,none
17,1247158873590386689,none,none
18,1125109683944153091,none,none
19,1235232607484416005,none,none
20,1225021409350602753,trust,other
21,1263409531553492993,disgust,other
22,1182283667311415297,disgust,other
23,1127968224061030401,none,none
24,1137718438548377600,disgust,anger
25,1242923554812854273,disgust,anger
26,1085855259145060352,none,none
27,1255885112434196480,disgust,other
28,1158339793752907776,none,none
29,1207002573523357696,none,none
30,1265677095415488512,disgust,other
31,1192100122181672960,none,none
32,1149567964422656001,none,none
33,1083330004627439616,none,none
34,1231389300547297280,other,disgust
35,1245895121092128768,none,none
36,1139241027368357889,none,none
37,1168490648753856514,fear,surprise
38,1103637864682803203,disgust,anger
39,1234811758650544128,disgust,anger
40,1108977123132432384,disgust,anger
41,1182249683596374016,none,none
42,1260211066476339201,none,none
43,1108090779497431040,none,none
44,1195466827545100291,disgust,other
45,1151214855082446854,disgust,anger
46,1242080829620269056,none,none
47,1243187841502523393,none,none
48,1196811909913337856,disgust,anger
49,1152197744536236032,none,none
50,1147915444734611457,other,anticipation
51,1093422465932578816,disgust,fear
52,1218252295386943489,none,none
53,1085470387817906176,none,none
54,1256595270961377280,none,none
55,1189558160815734784,none,none
56,1133008069166804993,none,none
57,1102998512541802501,none,none
58,1207274974219776000,disgust,anger
59,1247233898897125377,disgust,other
60,1225078530901450759,none,none
61,1158695911175917569,disgust,anger
62,1107668493804027905,none,none
63,1239970326894661635,none,none
64,1273280873899732993,none,none
65,1132592240285618177,joy,anticipation
66,1257243753368170496,disgust,sadness
67,1187194511656701957,joy,anticipation
68,1217138242954371072,none,none
69,1227191942481494016,none,none
70,1255376267962179587,none,none
71,1088146732737794048,other,disgust
72,1150390321903210496,none,none
73,1197108258726645760,disgust,none
74,1186982734406795264,disgust,anger
75,1243255250905116683,none,none
76,1107046430810796033,none,none
77,1122616292366802946,sadness,anticipation
78,1164953397042302979,disgust,anger
79,1151166101818171392,other,disgust
80,1143195843228569602,none,none
81,1205359232394117123,none,none
82,1264138769000783873,disgust,anger
83,1122283658054971392,none,none
84,1143691616126943232,other,disgust
85,1258033692666183680,anticipation,other
86,1148602194394001410,none,none
87,1164088808851279873,none,none
88,1087411254883479558,none,none
89,1229718582487080961,disgust,anger
90,1178747910667808768,other,disgust
91,1258744992354447365,none,none
92,1115052894112370688,none,none
93,1162507082333134851,disgust,anger
94,1268546761158787072,none,none
95,1194365110673956869,none,none
96,1254738854172639234,disgust,anger
97,1169494451225604096,disgust,other
98,1186547786889748480,none,none
99,1095828684576116737,disgust,other
100,1092411183544631296,none,none
101,1108330672438034433,none,none
102,1153572628239663104,none,none
103,1244008900623577088,other,none
104,1244641213392793600,none,none
105,1173616141291413505,other,none
106,1181238802741899265,none,none
107,1248298855843672070,disgust,anger
108,1275276888924135433,other,disgust
109,1123681858640863232,other,disgust
110,1253736096011182080,none,none
111,1140303119827505154,joy,anticipation
112,1155323824235327493,disgust,trust
113,1208670393185263616,none,none
114,1123938069890179074,none,none
115,1240217016876728321,none,none
116,1138451214750887940,none,none
117,1179353208096997376,none,none
118,1243552209880657920,none,none
119,1118252701488427013,disgust,anger
120,1138897475958464512,none,none
121,1151857486439288833,none,none
122,1153739735095029760,disgust,other
123,1248172712830406657,disgust,anger
124,1164882262594183169,none,none
125,1179101631801155585,surprise,other
126,1169234545717047296,none,none
127,1108010100575264770,none,none
128,1235571247897026561,none,none
129,1154873597778911238,disgust,anger
130,1133312038279757825,other,disgust
131,1126470617904107525,disgust,fear
132,1119500279441915904,none,none
133,1148867659129401344,disgust,other
134,1197537948763340800,none,none
135,1263774783772209152,none,none
136,1205119366339137537,trust,none
137,1137192203762196480,disgust,other
138,1099217314686349312,none,none
139,1081150224045887488,none,none
140,1126017649874366465,none,none
141,1240783510924922881,trust,other
142,1230865657832583169,none,none
143,1156970136508739584,disgust,none
144,1085943202807459840,none,none
145,1240224335371132928,none,none
146,1184383502915198976,joy,anticipation
147,1163857145210650625,none,none
148,1184366270281605121,none,none
149,1128310783425896448,none,none
150,1215608971492581377,none,none
151,1139088257550049280,disgust,anger
152,1200166341040316418,none,none
153,1271400908295987204,none,none
154,1139869278998597633,disgust,anger
155,1095685287232004097,none,none
156,1199337872748244992,none,none
157,1245437092571815936,none,none
158,1212676330392817664,none,none
159,1173594288262922240,none,none
160,1253362990738530307,none,none
161,1202329676569550848,none,none
162,1129730044744613888,disgust,anger
163,1235509560846082049,disgust,fear
164,1156551363180060672,other,disgust
165,1151069041001455618,none,none
166,1199709725044203523,disgust,anger
167,1243111108862451714,disgust,other
168,1197249495249162240,none,none
169,1126525019432132609,none,none
170,1240655008594567168,disgust,anger
171,1082174415562072069,other,surprise
172,1097709246186049536,none,none
173,1152919337587695616,other,none
174,1237857425840984066,disgust,none
175,1099582198708080640,none,none
176,1098938279687274496,none,none
177,1126466044762181633,disgust,other
178,1267804155567132673,disgust,anger
179,1228366311513841664,other,none
180,1098733594112155653,disgust,anger
181,1272598028491403266,none,none
182,1215903916866654208,disgust,anger
183,1117805386957037568,disgust,none
184,1276078694868684801,none,none
185,1164095921161986049,other,disgust
186,1164891548473024514,none,none
187,1158028639247749120,disgust,other
188,1268989261291884549,disgust,anger
189,1239904458806562818,trust,joy
190,1167004718503256064,trust,other
191,1132957440562143232,disgust,anticipation
192,1186521034301804544,disgust,sadness
193,1158134803654483969,disgust,other
194,1126698377301725184,none,none
195,1245253898996154368,anticipation,joy
196,1258846110279499776,anticipation,trust
197,1098597077226016768,other,none
198,1112983026064125952,none,none
199,1154498771142631424,none,none
200,1174706851331489792,none,none
201,1145210426331996160,none,none
202,1189449396578082816,none,none
203,1153771252106039296,disgust,anger
204,1243627119667798016,disgust,anger
205,1241838803867897856,disgust,other
206,1086665447787950081,disgust,anger
207,1248249198677348353,joy,trust
208,1244326362925748224,disgust,sadness
209,1168210911787651074,none,none
210,1259770355662675968,disgust,sadness
211,1171333876125335558,none,none
212,1250501741747077121,none,none
213,1202818705371078656,disgust,anger
214,1129662935457046528,none,none
215,1105496600384884736,none,none
216,1198078256513241089,surprise,disgust
217,1189915898427191296,none,none
218,1208029312110223361,joy,trust
219,1138842167298990080,none,none
220,1241041069149732866,disgust,anger
221,1167075601473318913,none,none
222,1247780715669803014,other,disgust
223,1146430270930862080,none,none
224,1205617465318952967,surprise,joy
225,1256780652181143561,disgust,other
226,1224787518148751360,joy,trust
227,1092743543699976192,none,none
228,1239938257762344960,none,none
229,1122841797426851840,none,none
230,1230033264531865609,joy,anticipation
231,1259028520073904130,disgust,anger
232,1171112066196922368,none,none
233,1179121997403623424,joy,trust
234,1112100440626343942,none,none
235,1108258675171434496,none,none
236,1093662924575555584,joy,surprise
237,1200473347571830784,none,none
238,1135947899098062849,none,none
239,1241774286278463494,disgust,anger
240,1239525342752190466,joy,anticipation
241,1109026168555089920,none,none
242,1159510852019654662,none,none
243,1149286841167884288,none,none
244,1265305909716307971,none,none
245,1129046451139547137,none,none
246,1167191062777147392,disgust,other
247,1163821135672369152,none,none
248,1247514151062298624,none,none
249,1193802534743351296,none,none
250,1269577641469804544,none,none
251,1258822480644448264,none,none
252,1150179207307309059,other,disgust
253,1172471085608124417,none,none
254,1167023788636155904,other,disgust
255,1159750352557826049,disgust,anger
256,1143416101482766337,none,none
257,1207658005220732934,disgust,other
258,1166780442139406336,none,none
259,1207283368070721540,none,none
260,1229672540576059396,none,none
261,1165945230853623809,other,disgust
262,1166789053624119297,none,none
263,1182676239687016448,none,none
264,1198837356100370432,none,none
265,1229372690508787713,sadness,none
266,1243478009874493449,none,none
267,1175136870063378436,anticipation,disgust
268,1245763669608333312,none,none
269,1248962785100402689,disgust,other
270,1168064816235208705,disgust,disgust
271,1188161209205432321,disgust,anger
272,1209169270703370240,none,none
273,1113068942841405440,disgust,anger
274,1208323839412842496,none,none
275,1201893388230037505,disgust,anger
276,1273705818786017283,none,none
277,1166705382443687937,none,none
278,1105594266770784256,disgust,anger
279,1191058414652268546,disgust,other
280,1121746519026216965,none,none
281,1141437464994897920,other,disgust
282,1094511899021053952,none,none
283,1121512933077520384,other,none
284,1239680375988932608,none,none
285,1259770295772200962,disgust,other
286,1225022494735728641,none,none
287,1160234588905648129,none,none
288,1232718642523013121,none,none
289,1248518750439124994,disgust,anger
290,1209773095113969669,disgust,anger
291,1184127538416750593,none,none
292,1190789024400789506,none,none
293,1245679964600623104,none,none
294,1167819118311018498,disgust,anger
295,1216027546971725832,disgust,anger
296,1145031874206732289,none,none
297,1196423959425757185,disgust,anger
298,1239629756754247682,anticipation,none
299,1231507552367718400,none,none
300,1114598236407455745,disgust,anger
301,1129458809607512064,none,none
302,1129647085077389312,other,disgust
303,1093969986111004672,none,none
304,1155471754510254080,none,none
305,1173310799252721665,none,none
306,1173123812524777472,none,none
307,1167091187804774401,fear,disgust
308,1140582297416212485,none,none
309,1172402050119847936,none,none
310,1088763479484518400,none,none
311,1235296646466072579,disgust,other
312,1199671584551780353,other,none
313,1172155424784756736,none,none
314,1202937128075874308,none,none
315,1186618444613144576,none,none
316,1081472322010112000,none,none
317,1209472683538337793,disgust,anger
318,1150868921936949248,none,none
319,1126591273174011904,joy,surprise
320,1211325160764137472,none,none
321,1196760131519811585,disgust,other
322,1176818766971322369,none,none
323,1261314642451800064,none,none
324,1152845165045997574,disgust,anger
325,1154152697379086342,joy,surprise
326,1204093881924640768,disgust,anger
327,1154072259931385856,disgust,anger
328,1248951563139395585,none,none
329,1199251460447453184,none,none
330,1257390133810249731,none,none
331,1125683058437443589,disgust,other
332,1139887230296739846,disgust,anger
333,1177596908719738885,none,none
334,1196845590942035969,none,none
335,1155174439203610624,disgust,other
336,1225492944750292992,disgust,other
337,1274969148720906240,none,none
338,1122551063918280707,none,none
339,1236040203233562625,joy,trust
340,1190655162383294464,none,none
341,1232671639126585350,none,none
342,1144991385478733824,none,none
343,1239911703950897152,anticipation,none
344,1116291502089605120,disgust,anger
345,1252890019389296640,none,none
346,1272901571416907781,none,none
347,1153481875752706048,none,none
348,1189850963445788673,none,none
349,1191464155959590914,none,none
350,1255164776826707969,none,none
351,1129502832187592704,disgust,surprise
352,1149840907870621697,none,none
353,1148947000089616388,none,none
354,1199226706814492674,other,none
355,1200100724534849536,disgust,other
356,1093185168548995073,disgust,anger
357,1228029299279769600,disgust,other
358,1254739371871387650,disgust,other
359,1123845953595813895,none,none
360,1247495389797892101,none,none
361,1196527547904868352,none,none
362,1216788192650596352,none,none
363,1131978589380009984,disgust,other
364,1147071389083611137,none,none
365,1123506021048233984,none,none
366,1151757066446540800,none,none
367,1244957490820890625,trust,none
368,1227576689150091265,disgust,anger
369,1085258787794153472,disgust,anger
370,1090976519747522561,disgust,other
371,1253978451889004545,disgust,other
372,1245793366450765825,none,none
373,1082404003235942411,disgust,anger
374,1203669713827639310,other,disgust
375,1165182925203279873,disgust,other
376,1168483160025378816,disgust,other
377,1239172624468631552,disgust,anger
378,1200499706738200576,none,none
379,1189832504724905986,none,none
380,1149074060921491457,none,none
381,1156188456722341888,none,none
382,1229383421966848000,other,disgust
383,1088058541854797827,none,none
384,1243963363299938305,none,none
385,1176233382185000960,none,none
386,1205331207744933890,disgust,other
387,1252983364140691456,none,none
388,1243131939286061056,none,none
389,1145716850145275904,none,none
390,1112800732745527296,disgust,anger
391,1221168873078247424,disgust,none
392,1170693867118702592,disgust,anger
393,1200733831176892416,other,disgust
394,1238503009149214720,none,none
395,1132887815866507264,none,none
396,1222130508936679424,disgust,anger
397,1192509794827026435,other,disgust
398,1080880517229236224,none,none
399,1148615878101147651,disgust,fear
400,1190175078526390273,none,none
401,1246029326102872065,none,none
402,1168444546600132608,none,none
403,1177202424513093633,none,none
404,1151465494840586240,none,none
405,1235641901585444864,none,none
406,1183838938059943936,other,disgust
407,1127575079771152390,none,none
408,1143840803430813696,none,none
409,1240025643754180608,none,none
410,1196701568088850432,other,disgust
411,1121757827289309184,none,none
412,1175126241529274370,none,none
413,1239168738890522628,disgust,other
414,1255911494811889671,none,none
415,1153363276853587968,none,none
416,1115990050238545927,joy,trust
417,1202950504919322625,none,none
418,1206978239698219008,other,joy
419,1190695260877406208,disgust,anger
420,1220676586275528704,none,none
421,1251076740325269510,none,none
422,1214532160776003585,none,none
423,1140220120306003969,joy,trust
424,1132889264910405632,other,joy
425,1236578447952052224,sadness,none
426,1207908385343057920,none,none
427,1099039908784734208,none,none
428,1227513006067769344,surprise,none
429,1087714280508661762,none,none
430,1149048175463976960,none,none
431,1159050321286565894,none,none
432,1175878556813070336,joy,trust
433,1232366569776349185,none,none
434,1199780102147641344,none,none
435,1199745881366507521,disgust,none
436,1149948361396695040,none,none
437,1163459162841452546,disgust,anger
438,1132925464677425152,none,none
439,1167814318651510785,fear,disgust
440,1163997231726387200,none,none
441,1201239037937360896,disgust,surprise
442,1244907420230418433,none,none
443,1207649304422301702,none,none
444,1157881255129767936,disgust,anger
445,1258776689682911232,disgust,anger
446,1177259569266995200,disgust,anticipation
447,1243579835299123208,disgust,other
448,1248592239787458562,none,none
449,1248252742382030852,disgust,anger
450,1239864338321756163,surprise,none
451,1114612736258867201,none,none
452,1157984285405712389,trust,anticipation
453,1248841219410706433,none,none
454,1250740363515609088,none,none
455,1244912698472701955,none,none
456,1151192534326157312,none,none
457,1141660072105402368,disgust,anger
458,1157937147258781696,other,none
459,1167927991214587904,none,none
460,1176738663314743299,disgust,none
461,1237616184356409344,none,none
462,1083689768641282048,none,none
463,1195379997680308230,none,none
464,1244613755998175233,none,none
465,1143319067933237249,none,none
466,1251218796171481098,trust,other
467,1149691788988338176,none,none
468,1202533416476037121,other,disgust
469,1203360277909032960,none,none
470,1151777577964584960,none,none
471,1141047178246479872,trust,other
472,1246863183308042241,none,nne
473,1187635913481969665,none,none
474,1162658164648697857,other,none
475,1135461921262641152,none,none
476,1197736576907956224,disgust,anger
477,1155527244279951360,none,none
478,1226795705903173633,none,none
479,1084770878708015109,none,none
480,1247779403867623426,none,none
481,1144883214227562497,none,none
482,1119232652127690756,none,none
483,1166992940943589376,disgust,other
484,1204861890326880257,disgust,anger
485,1178590270054703104,disgust,anger
486,1153948630379839488,none,none
487,1213513132376776707,disgust,anger
488,1200670898036125701,none,none
489,1247171477704712192,none,none
490,1151534795429732358,none,none
491,1186995922795933703,none,none
492,1206921011293118464,none,none
493,1141971101830045703,disgust,anger
494,1162979944819023873,none,none
495,1157648573221261312,disgust,anger
496,1229797547960610816,disgust,other
497,1200093869800665088,disgust,anger
498,1238583281781821441,joy,anticipation
499,1239640422105972736,disgust,anger
500,1248969346594017280,disgust,anger
501,1247071172661051392,none,none
502,1151388691560095745,none,none
503,1160243476073787392,none,none
504,1270789809410314243,disgust,anger
505,1164922762835550208,none,none
506,1142732295389904896,none,none
507,1243513605003153409,none,none
508,1174258362931994625,anticipation,none
509,"1,20414E+18",anticipation,none
510,1148491761922088961,none,none
511,1126398749427871746,none,none
512,1181484328754266112,none,none
513,1097533156763336704,other,none
514,1228617408115544065,disgust,anger
515,1244971009796702211,none,none
516,1275056402478874624,other,disgust
517,1172529864810872833,none,none
518,1152628766796943360,none,none
519,1081497848187887616,disgust,other
520,1204683393075691521,other,none
521,1099423687533608961,none,none
522,1252625706556764163,none,none
523,1211417940018511877,disgust,other
524,1171130420764827649,disgust,anger
525,1208811047395692551,other,disgust
526,1199750643637981187,trust,joy
527,1247533111677607936,none,none
528,1261224754335358976,none,none
529,1104416104162709504,none,none
530,1205779570030460928,surprise,joy
531,1189179541257768960,none,none
532,1244706802907963398,none,none
533,1228978829332447232,trust,joy
534,1236042592049074178,none,none
535,1190943220542390279,surprise,other
536,1107953688960778242,none,none
537,1206853974437122048,none,none
538,1201503642739707905,none,none
539,1190181455151931392,none,none
540,1265711488322473985,anticipation,none
541,1174747544041283596,disgust,anger
542,1157297124435996673,none,none
543,1207230714967658496,none,none
544,1259747147995582464,other,disgust
545,1240112038426431493,other,disgust
546,1276583390263816192,other,disgust
547,1101874230902312965,none,none
548,1150752527471665157,none,none
549,1175475135836491781,disgust,anger
550,1255836393915506691,other,none
551,1177851498442711040,none,none
552,1207751979637735430,none,none
553,1164037061009129472,disgust,anger
554,1172181664111431681,disgust,sadness
555,1133592118541410306,sadness,none
556,1252628454585053189,none,none
557,1176090152281825280,disgust,anger
558,1149478506092355584,none,none
559,1165322673767014405,none,none
560,1105374782873165824,disgust,other
561,1193901357301940225,none,none
562,1150656591831719936,disgust,anger
563,1242533283860275202,disgust,other
564,1090691805396516866,none,none
565,1120692615408693251,none,none
566,1193910115805650951,none,none
567,1216229444920147969,disgust,anger
568,1151130286194774016,none,none
569,1117734982603218944,disgust,anger
570,1242519942899142657,disgust,other
571,1239179465374216193,other,disgust
572,1132649562102018049,disgust,other
573,1126405881183264768,none,none
574,1144359246118772743,none,none
575,1246126937648529410,none,none
576,1157312898265440261,none,none
577,1130523653723107338,disgust,none
578,1103935251439472647,none,none
579,1206910605828993024,none,none
580,1259402547539910656,disgust,other
581,1239918942753300480,none,none
582,1170740370122125313,none,none
583,1194272707963228162,none,none
584,1216673061950447616,disgust,sadness
585,1151887391109582849,surprise,none
586,1167141621034565638,disgust,anger
587,1203962548258783233,none,none
588,1103630261344862210,none,none
589,1249681661639503872,none,none
590,1148652032955486210,disgust,sadness
591,1094900599219544064,joy,anticipation
592,1177271318145880064,none,none
593,1251980372361072646,anticipation,joy
594,1185085694395535360,none,none
595,1196805125005873154,none,none
596,1250822702664953858,none,none
597,1184752585888206848,none,none
598,1179674568568590337,other,disgust
599,1115572817171505153,disgust,anger
600,1230795129646133250,other,disgust
601,1121317147949654016,disgust,anger
602,1234403726171000832,joy,other
603,1165466129680257029,none,none
604,1195281300397051905,none,none
605,1128225612609609729,none,none
606,1222448807729823744,none,none
607,1094951165907922949,disgust,anger
608,1146512464596463616,none,none
609,1166330963695194114,none,none
610,1224694152987889665,disgust,none
611,1153981308235866112,none,none
612,1127295352766443521,none,none
613,1247888946232614919,other,none
614,1172393507580825602,none,none
615,1173917597844353026,sadness,disgust
616,1192818176893050880,none,none
617,1244507357549416457,none,none
618,1092189574527369216,disgust,trust
619,1222976063883685892,disgust,anger
620,1181884066502713349,none,none
621,1128411043510804481,disgust,anger
622,1177838988406611969,none,none
623,1207389453918060547,other,disgust
624,1105997065560227840,none,none
625,1207732562002620417,none,none
626,1153668259058786305,none,none
627,1164909508390526977,none,none
628,1175856029273399297,disgust,other
629,1172329195319349251,none,none
630,1242896582477058049,other,none
631,1168772634932383745,none,none
632,1247509244062175233,none,none
633,1177843049302544384,none,none
634,1200105604745969670,disgust,anger
635,1096127030263992320,disgust,anger
636,1124123935107428352,none,none
637,1230960390105944070,none,none
638,1227525545757433856,none,none
639,1139183262788661248,none,none
640,1149295133805989888,none,none
641,1133212258690043904,other,none
642,1169931489435422720,none,none
643,1138724149394907137,disgust,other
644,1153797006810177536,none,none
645,1243202463609610240,trust,joy
646,1186630031935770624,none,none
647,1188481740890951680,disgust,anger
648,1124655565832097794,none,none
649,1168133668289810432,disgust,none
650,1241835921747709952,fear,none
651,1116758098838872064,disgust,other
652,1276209236561846281,none,none
653,1229843937596248069,disgust,disgust
654,1133601387873542144,none,none
655,1261213956758278144,none,none
656,1270101546576089090,disgust,other
657,1102700535738699783,disgust,disgust
658,1176536091463245825,none,none
659,1081517331598200834,disgust,anger
660,1250548721080848384,other,disgust
661,1082543915868319744,none,none
662,1134203063730933774,none,none
663,1174048140498001922,trust,joy
664,1249759334499856384,none,none
665,1192524954803298310,none,none
666,1243903469825769472,none,none
667,1251530785234001924,disgust,anger
668,1224512068226895873,other,disgust
669,1232399073606610950,other,joy
670,1224440908843646982,other,sadness
671,1115628714174316548,disgust,other
672,1241426132215488513,trust,anticipation
673,1181821889980841984,none,none
674,1114417357965930496,none,none
675,1228015112172294145,none,none
676,1188774526726922241,disgust,anger
677,1162691349700927488,other,disgust
678,1163545540828811267,none,none
679,1167784290270220288,other,disgust
680,1143122065014308865,disgust,other
681,1231942454292762625,none,none
682,1081194584162689024,disgust,other
683,1203008973156188161,none,none
684,1181650890387791874,disgust,anger
685,1094175755720904704,none,none
686,1170979004758839296,none,none
687,1126069640051011584,none,none
688,1166775635957690369,disgust,anger
689,1082005320665317377,disgust,surprise
690,1160574856993263617,none,none
691,1163784462485917697,disgust,anger
692,1154762541018570753,none,none
693,1165330105192865793,none,none
694,1164119019462508544,disgust,anger
695,1239675786514370560,none,none
696,1164437489102315520,other,disgust
697,1080778289302700032,disgust,anger
698,1133446357296062464,joy,anticipation
699,1186155881358090240,none,none
700,1138447203243106308,none,none
701,1120215270948319232,none,none
702,1168597622514442252,disgust,other
703,1249238520746704896,none,none
704,1171432536884465664,none,none
705,1086224285813927936,other,disgust
706,1219145943448199168,none,none
707,1181162183096459265,trust,other
708,1206811443510829061,disgust,other
709,1179140660596809732,other,disgust
710,1203819078621782016,none,none
711,1083422998319763457,other,none
712,1164942716695928834,disgust,anger
713,1129120521478656000,disgust,other
714,1093057702052409344,none,none
715,1157593407403040768,other,none
716,1150016513392488450,none,none
717,1225167655163891713,disgust,anger
718,1200719270281392129,disgust,anger
719,1191042848499650560,none,none
720,1135921666599424001,none,none
721,1115884456894717953,none,none
722,1263028275464622080,none,none
723,1189290724799459330,joy,disgust
724,1162667434870038529,other,disgust
725,1243071253994508288,disgust,none
726,1243158783888478208,none,none
727,1140091650179514370,joy,trust
728,1239637373643829248,trust,joy
729,1125688557031645185,none,none
730,1173253605048160257,disgust,surprise
731,1252980061818556417,none,none
732,1152224252663406592,disgust,sadness
733,1194370316992159745,none,none
734,1174192341357408256,none,none
735,1092801582608060421,disgust,sadness
736,1129194188267040768,other,disgust
737,1178259344523251713,disgust,anger
738,1209091309371297793,joy,anticipation
739,1247245639303540739,disgust,sadness
740,1239972496289366019,none,none
741,1203932384296685570,disgust,sadness
742,1251799756210409474,joy,trust
743,1222058130927996928,none,none
744,1202995373213544453,none,none
745,1113031208257163264,disgust,sadness
746,1273292326740332544,none,none
747,1236271709138964482,none,none
748,1231507024120291328,none,none
749,1185927614650900480,none,none
750,1143400472247709696,none,none
751,1203007956259868672,none,none
752,1124922687158198272,other,disgust
753,1158332378072453120,disgust,anger
754,1237367929961930754,none,none
755,1207722571317288964,other,none
756,1165577083227201537,joy,anticipation
757,1095763374707752963,disgust,anger
758,1116046471097475077,other,joy
759,1164863703797420033,none,none
760,1198340477457702912,none,none
761,1157277266344337408,none,none
762,1198751879452381185,disgust,sadness
763,1261753254590939137,joy,other
764,1109070407120965638,none,none
765,1177206526739718145,none,none
766,1181335933481836545,joy,anticipation
767,1187737536120152065,none,none
768,1126178792245014528,none,none
769,1238505901629280256,none,none
770,1200444394475622400,anticipation,joy
771,1088497045302841350,none,none
772,1240972937458585600,none,none
773,1255100059458428930,none,none
774,1097913844230443008,none,none
775,1169477668984823809,disgust,anger
776,1276879455659622401,none,none
777,1168782732450828288,none,none
778,1159057374197485575,none,none
779,1257933405095936001,disgust,sadness
780,1101071587762147329,none,none
781,1240602158959132675,sadness,fear
782,1239634103835688971,disgust,anger
783,1121029563616776192,none,none
784,1171458777062596610,other,disgust
785,1155015056318484482,none,none
786,1150359628976443402,disgust,anger
787,1132783771055513605,other,disgust
788,1253382392498098177,none,none
789,1171360541635428352,none,none
790,1086186267912667136,none,none
791,1206540482765041666,none,none
792,1225062488531709954,none,none
793,1161442585052946432,disgust,fear
794,1104367384524193792,none,none
795,1151073123577544704,joy,other
796,1186402093235617792,none,none
797,1134437191248228354,none,none
798,1157363702213091328,disgust,anger
799,1209176731803774976,none,none
800,1247105417509044227,none,none
801,1244686739337367553,disgust,anger
802,1192170453592412161,disgust,anger
803,1108265732683517952,none,none
804,1179108891164061698,disgust,anger
805,1174704713843007490,none,none
806,1275769262037180416,disgust,anger
807,1085088746150813696,none,none
808,1148590956725374977,none,none
809,1099381154350694400,none,none
810,1178979611562139648,disgust,anger
811,1134339380074680321,none,none
812,1193970003097391104,none,none
813,1106105058549219331,none,none
814,1225127382622900225,trust,anticipation
815,1210244371758682119,none,none
816,1084819333539393537,disgust,sadness
817,1239868062087684096,none,none
818,1199736622905995264,disgust,anger
819,1192532166200180736,none,none
820,1141941948464472065,none,none
821,1175296110497357824,none,none
822,1155025282597904384,none,none
823,1133798429673443328,none,none
824,1166752109318070272,none,none
825,1191948143098781696,none,none
826,1153338948988669952,none,none
827,1239885607649902592,none,none
828,1131284041309798403,none,none
829,1103049539580321798,joy,trust
830,1156965655968661505,none,none
831,1154370962613309440,none,none
832,1153601193517522945,none,none
833,1202746992998391808,sadness,disgust
834,1170992696485433345,none,none
835,1120747079436066816,none,none
836,1167878914598817792,none,none
837,1187997296375582720,none,none
838,1151424079834038272,none,none
839,1131925659419385857,none,none
840,1103881884717600768,disgust,sadness
841,1248670241913266177,none,none
842,1173190282432696321,disgust,disgust
843,1222522248348782592,none,none
844,1194834848185225216,none,none
845,1144275214345179136,none,none
846,1156228175195754498,none,none
847,1111177061845090305,none,none
848,1186207484635160580,none,none
849,1241781001304637442,disgust,sadness
850,1160501089181065216,disgust,sadness
851,1153582913251893248,disgust,other
852,1163746465526816773,none,none
853,1223645292316319744,disgust,other
854,1185627335070048258,disgust,anger
855,1240609879313784837,surprise,disgust
856,1152194830258319360,disgust,anger
857,1114772834029584384,none,none
858,1166746008820289541,disgust,anger
859,1124626103803498502,trust,anticipation
860,1169541441917476864,disgust,anger
861,1200458671760691205,none,none
862,1106319161423249408,disgust,anger
863,1118414287691812864,other,disgust
864,1083207997273329664,none,none
865,1184744920130768896,disgust,other
866,1199594090956050432,none,none
867,1213854185034268677,disgust,surprise
868,1091389628723183616,disgust,anger
869,1124890552561033217,none,none
870,1236603534520594432,disgust,surprise
871,1157538650021867520,none,none
872,1146229606309072897,none,none
873,1136294852927377408,other,disgust
874,1224771866818015232,none,none
875,1259831578865348609,none,none
876,1157955488891441153,none,none
877,1200085495767871488,disgust,other
878,1240004852027138048,joy,anticipation
879,1120810340818624513,none,none
880,1149345124897513472,none,none
881,1248866386270547973,none,none
882,1086909638585536513,disgust,anger
883,1244631979615805440,none,none
884,1202227069805047810,none,none
885,1244573354390151170,none,none
886,1166771877114724352,disgust,sadness
887,1247853719741440002,none,none
888,1184461066534903808,none,none
889,1185788063601102850,none,none
890,1178570808127639553,trust,anticipation
891,1150120181907300353,disgust,anger
892,1193963787491119104,disgust,anger
893,1205818883044712454,trust,anticipation
894,1172584791419641856,none,none
895,1111634885133979649,disgust,anger
896,1156274078531166208,none,none
897,1160274334075772928,none,none
898,1157692008842039296,none,none
899,1150780071508160512,disgust,other
900,1172024995754721285,disgust,other
901,1153755330943311872,disgust,anger
902,1085055634670845952,none,none
903,1263516925633708035,none,none
904,1116762765841059842,surprise,none
905,1150419780144435202,none,none
906,1193448259685158912,none,none
907,1185806290884411392,none,none
908,1194587279949533186,none,none
909,1245731856965947392,none,none
910,1248584409969819650,disgust,other
911,1154011684089892865,none,none
912,1113167935370145792,none,none
913,1233034183976591361,disgust,anger
914,1099625047189348352,none,none
915,1167429948119965697,disgust,anger
916,1094019339454480385,none,none
917,1143139225010888704,none,none
918,1148403927131525120,none,none
919,1240355887409172480,none,none
920,1174880872857788416,none,none
921,1135899822689587200,none,none
922,1255574553180413953,disgust,other
923,1101625300369190912,disgust,anger
924,1256019243352625163,none,none
925,1244534230195097600,other,disgust
926,1176044884576391170,none,none
927,1082333972556890113,disgust,anger
928,1247543953898885120,other,surprise
929,1269335592581697536,none,none
930,1249246573160271872,disgust,other
931,1190584910148513792,disgust,other
932,1242093082335752193,joy,trust
933,1136256774611320832,none,none
934,1116689080643923973,disgust,none
935,1139534745912717315,none,none
936,1086188612683730945,none,none
937,1160456036664451072,disgust,anger
938,1175503032316059649,disgust,anger
939,1115172579277443073,disgust,anger
940,1243916574387589132,disgust,anger
941,1194158834245390336,disgust,other
942,1185803219332554753,none,none
943,1214233325860081674,other,none
944,1193594801100337153,disgust,other
945,1237302671289257986,none,none
946,1150051285850296320,disgust,anger
947,1237703278462459905,none,none
948,1125274386917928961,none,none
949,1188597498572627974,none,none
950,1199340233415745537,none,none
951,1249307886813097985,other,none
952,1151245384238489602,other,disgust
953,1153634535642423297,none,none
954,1177151832524804096,disgust,sadness
955,1180928063036624899,disgust,other
956,1259764915134517248,none,none
957,1194927995796017152,none,none
958,1129321575151493120,disgust,anger
959,1127152621691768833,disgust,anger
960,1226085093548183553,anger,disgust
961,1255360043886804992,none,none
962,1205552902305128450,trust,other
963,1148601069293002753,none,none
964,1144159123619098624,anticipation,other
965,1142849395664347139,other,disgust
966,1198985135372324865,none,none
967,1244884653586161664,fear,disgust
968,1150707108045680641,none,none
969,1127994431720681472,none,none
970,1170710449882652672,anger,disgust
971,1170976143568252928,none,none
972,1189937349700018176,none,none
973,1124567328841195521,anticipation,other
974,1251222801207291904,anticipation,other
975,1240989236091854849,none,none
976,1241986756834144259,none,none
977,1180154137343856643,none,none
978,1105383740270878720,none,none
979,1273580897619582976,other,disgust
980,1118793801978376192,none,none
981,1106546732601667586,disgust,other
982,1250780364139900928,surprise,anticipation
983,1096048844511547394,none,none
984,1237634309609132033,none,none
985,1255580186264903688,disgust,anger
986,1131896879573348355,none,none
987,1142857574058012672,none,none
988,1118630096087191552,disgust,anger
989,1089120319460331520,none,none
990,1113043908102062080,none,none
991,1182045643306622976,none,none
992,1150339027947667457,trust,other
993,1246403241862221829,disgust,anger
994,1243532200374603782,none,none
995,1128714603008090112,anticipation,trust
996,1175671747162587137,disgust,other
997,1081510048738787328,disgust,anger
998,1193891936530313216,none,none
999,1257348648683409413,none,none
1000,1247992279119380483,none,none
1001,1128581897821540352,none,none
1002,1150403466340294658,other,disgust
1003,1170424917336166400,other,disgust
1004,1238558027617370117,anticipation,other
1005,1156474286863015937,disgust,other
1006,1165318436140003328,none,none
1007,1216645097925857281,none,none
1008,1200417405467578369,other,disgust
1009,1089944816102920194,none,none
1010,1242539381757546497,none,none
1011,1139539060068888577,other,disgust
1012,1240687330723115011,none,none
1013,1178273963992141826,none,none
1014,1148717706092449793,anger,disgust
1015,1196398417171243008,none,none
1016,1106713494055985157,disgust,other
1017,1164202041503375360,disgust,other
1018,1239896154525089792,other,disgust
1019,1168107241871818752,none,none
1020,1177234922341314562,none,none
1021,1198574189092974594,trust,other
1022,1211942768936968196,disgust,anger
1023,1087656219089739776,none,none
1024,1176167981098950658,none,none
1025,1269327937045696514,none,none
1026,1265316354036584452,none,none
1027,1226723214480592896,anger,other
1028,1198954511928311809,other,disgust
1029,1177654311863640065,none,none
1030,1275336426708590592,none,none
1031,1274684784015532032,other,disgust
1032,1162413580463083522,other,disgust
1033,1165945997438017537,none,none
1034,1247915366912794624,other,disgust
1035,1232352948698697728,none,none
1036,1244979623173259271,none,none
1037,1205474639331377153,none,none
1038,1141912507516424192,disgust,anger
1039,1096428523198255109,disgust,other
1040,1189617259985031169,none,none
1041,1084880811671932928,other,disgust
1042,1145970398359691265,none,none
1043,1109011597467377664,none,none
1044,1125558373028483072,none,none
1045,1153810840040005632,none,none
1046,1137016029207506944,disgust,other
1047,1159011302972383233,none,none
1048,1194522683419045888,none,none
1049,1143619688565530624,disgust,anger
1050,1223928765602058242,disgust,other
1051,1244242703052922880,none,none
1052,1166825868288823296,disgust,anger
1053,1124343365888290817,fear,disgust
1054,1155365784610332673,none,none
1055,1172077465499574272,none,none
1056,1138804578579824641,none,none
1057,1082245619429855233,none,none
1058,1132021303735717888,disgust,anger
1059,1212399804560683008,disgust,anger
1060,1161658835351887873,other,disgust
1061,1125436900339322880,disgust,other
1062,1113129462453952515,anger,disgust
1063,1138060883459018752,none,none
1064,1225056738082271232,other,disgust
1065,1228193673956884481,none,none
1066,1121320628387229697,disgust,fear
1067,1237427459764752384,trust,other
1068,1223096357583556608,joy,trust
1069,1114867585382801410,none,none
1070,1092797096367923202,none,none
1071,1154676549817425920,disgust,other
1072,1189085257657733120,none,none
1073,1095328184143237120,none,none
1074,1164606786718117888,other,disgust
1075,1200069862069952512,none,none
1076,1082720167002603533,none,none
1077,1110063419422633990,none,none
1078,1177199036761366528,none,none
1079,1248587596646629376,none,none
1080,1235497704261894144,none,none
1081,1136959012627537920,other,disgust
1082,1245077644972109826,disgust,other
1083,1167363012178718720,disgust,anger
1084,1082558492945326080,other,disgust
1085,1111725223542489088,anger,disgust
1086,1245752685548261376,none,none
1087,1156317348330184704,trust,other
1088,1239638848176619523,trust,joy
1089,1167445399625523201,anticipation,other
1090,1197956715075031043,none,none
1091,1167414227352653824,none,none
1092,1206986872247013376,disgust,other
1093,1108463241930387456,none,none
1094,1119195211266179072,none,none
1095,1186061827341508610,none,none
1096,1151094385687351297,none,none
1097,1085944470565203969,none,none
1098,1239917107497836544,none,none
1099,1195584789589512192,none,none
1100,1149423304782045185,disgust,anger
1101,1196904887105265672,none,none
1102,1164856259230752769,trust,other
1103,1138692686733598720,none,none
1104,1190048422096777218,disgust,anger
1105,1093047149980512256,none,none
1106,1105444886864637952,none,none
1107,1267729994572107776,none,none
1108,1152699555202445312,none,none
1109,1126246209528696834,anticipation,other
1110,1256155902748614662,none,none
1111,1174634008828792832,none,none
1112,1211351498426396672,other,fear
1113,1108779527633883136,anticipation,other
1114,1119300816085639168,anger,disgust
1115,1259257896505925633,trust,other
1116,1192497710869438464,disgust,other
1117,1232798510157893632,none,none
1118,1133489603678285829,disgust,other
1119,1247516016034238466,none,none
1120,1247421773282447360,other,disgust
1121,1240944801215848448,other,disgust
1122,1193116790924173312,none,none
1123,1135581952512339968,none,none
1124,1245012702680043522,none,none
1125,1272183879345061894,none,none
1126,1240317407417085953,other,disgust
1127,1164885501326872576,other,disgust
1128,1247103251100680192,other,disgust
1129,1167362430902722560,none,none
1130,1235398263794061312,none,none
1131,1259229997828640768,none,none
1132,1143160986033147906,none,none
1133,1151566505949245441,none,none
1134,1188537016083988482,none,none
1135,1145681019384868864,anger,other
1136,1166775446345846784,none,none
1137,1155493204579536896,disgust,anger
1138,1165631764301266944,none,none
1139,1116236700697747457,none,none
1140,1271525823430836224,none,none
1141,1238027212332437504,trust,other
1142,1229460174437519360,none,none
1143,1205577062205083653,trust,joy
1144,1278004029201813504,none,none
1145,1142496438540259329,other,disgust
1146,1267193880237178885,disgust,other
1147,1143339018438008832,disgust,anger
1148,1205450565439938560,none,none
1149,1230200909730283520,disgust,anger
1150,1245634269096988672,other,disgust
1151,1184403627689041920,none,none
1152,1159049131727437825,none,none
1153,1179314275460026368,anger,disgust
1154,1168124409648951296,other,disgust
1155,1276434610939985920,none,none
1156,1187413836720214016,none,none
1157,1120624243895672832,none,none
1158,1202285178359570433,disgust,other
1159,1248623015702589443,none,none
1160,1235932880506949632,anger,surprise
1161,1238535365197205506,trust,other
1162,1224703715468288000,disgust,other
1163,1094967341673312257,trust,joy
1164,1224661623534690305,none,none
1165,1219591831903768576,disgust,anger
1166,1185174946026274816,none,none
1167,1128534077462728704,none,none
1168,1164950380347875328,disgust,other
1169,1166989538008477696,anger,disgust
1170,1080392522034302977,none,none
1171,1247090116423811076,none,none
1172,1245054995981975552,none,none
1173,1246035731925139457,none,none
1174,1190261993091084291,surprise,other
1175,1199661294321913856,trust,surprise
1176,1093128678383464448,none,none
1177,1123689442827481090,none,none
1178,1204115308862156800,none,none
1179,1247499464883011585,none,none
1180,1261338599577944071,none,none
1181,1169900774848991234,none,none
1182,1104634292309766145,none,none
1183,1239616180853317635,none,none
1184,1151215057545715712,disgust,other
1185,1198907819526897664,none,none
1186,1148499510190063617,other,disgust
1187,1248453444920160259,surprise,other
1188,1214826945327849474,other,disgust
1189,1108377690015444993,none,none
1190,1237691831124713473,none,none
1191,1237322472493584385,none,none
1192,1168144485093560320,none,none
1193,1098459896348114947,surprise,other
1194,1249731083094106118,none,none
1195,1142039136486006786,disgust,other
1196,1226189357490614272,disgust,surprise
1197,1143894076388864000,none,none
1198,1245780637669306369,none,none
1199,1191028937331228674,none,none
1200,1186240167566286849,surprise,other
1201,1224722363662700544,none,none
1202,1239631050042757123,none,none
1203,1225750309886099456,none,none
1204,1256586762962558976,surprise,other
1205,1226211078864097280,other,disgust
1206,1240334687781830656,none,none
1207,1243239213677633536,none,none
1208,1125703833928126464,none,none
1209,1098926194249093122,surprise,disgust
1210,1097432828671938561,none,none
1211,1256533820536487936,none,none
1212,1091438573830721536,other,disgust
1213,1246885808797290497,anticipation,other
1214,1237439850728562688,none,none
1215,1120259677705601025,none,none
1216,1098524801088528384,none,none
1217,1190313864132485120,none,none
1218,1121373474998632450,none,none
1219,1178375656884846592,none,none
1220,1245032696562270209,none,none
1221,1187627344942587904,none,none
1222,1143815993464119296,none,none
1223,1151295528942129152,none,none
1224,1205902077949566976,none,none
1225,1199427161909874688,none,none
1226,1167036358579367941,none,none
1227,1121352669740670976,none,none
1228,1245389554053451777,surprise,other
1229,1239999238567796736,none,none
1230,1143933197824212992,other,disgust
1231,1226852350326923265,none,none
1232,1206857216009084930,none,none
1233,1155783380249829376,none,none
1234,1103749685372772354,none,none
1235,1138547825883734020,surprise,other
1236,1202220901321728001,none,none
1237,1258810656750436352,none,none
1238,1108421101519028225,disgust,other
1239,1180769247628337152,disgust,anger
1240,1091335070735060992,none,none
1241,1209829737448853504,none,none
1242,1145324158139715584,none,none
1243,1108118963559358464,none,none
1244,1240968984704532486,none,none
1245,1107724421891047424,none,none
1246,1174029124328927232,none,none
1247,1081226948901257216,other,disgust
1248,1245007452141244419,none,none
1249,1187309823957839873,none,none
1250,1147048669289598978,none,none
1251,1123089065967067136,none,none
1252,1230590778034065409,none,none
1253,1126359594958249984,other,disgust
1254,1176087664006746114,other,disgust
1255,1150348231676747778,disgust,other
1256,1089584987358273536,disgust,other
1257,1155801242892951558,surprise,disgust
1258,1166413969713750016,none,none
1259,1101090693865500672,none,none
1260,1167342568948060160,disgust,anger
1261,1244577622119477256,none,none
1262,1188157519446847488,disgust,anger
1263,1139160814542344193,disgust,other
1264,1161263820729475072,disgust,surprise
1265,1167495752408547329,anger,disgust
1266,1139600392914984961,anger,disgust
1267,1189375102468743169,none,none
1268,1236587188227366913,disgust,other
1269,1157945589147025408,other,disgust
1270,1171754377394216960,disgust,other
1271,1238483496059817986,none,none
1272,1171007380659810306,none,none
1273,1189976984660647936,none,none
1274,1128569974648463361,none,none
1275,1258495176621936646,anger,disgust
1276,1142518857296470016,disgust,other
1277,1109428339964608512,none,none
1278,1193470488254779393,none,none
1279,1186636046341160960,none,none
1280,1150388636896169984,other,disgust
1281,1204053301890699264,none,none
1282,1173053914477936641,none,none
1283,1095105229887062022,none,none
1284,1113812077322350592,anger,disgust
1285,1187724676044341252,other,anger
1286,1114256445250375683,other,disgust
1287,1173682738991382528,anger,other
1288,1251042666323808256,other,disgust
1289,1130522347495141376,none,none
1290,1189221118026145800,none,none
1291,1116451782287339521,anger,disgust
1292,1173565468109488128,none,none
1293,1117873947914063872,sadness,other
1294,1259745693914152960,none,none
1295,1240554446586810368,other,disgust
1296,1263120438521065473,none,none
1297,1153353386449952769,disgust,other
1298,1246391948681850885,none,none
1299,1135486812275843072,other,disgust
1300,1256566019843293185,disgust,other
1301,1168820972578910209,none,none
1302,1150081274016653317,none,none
1303,1124585351958421505,anger,other
1304,1133776667690668032,none,none
1305,1179274605703380992,none,none
1306,1139609152458842118,none,none
1307,1270410945630789634,none,none
1308,1154780572025327618,none,none
1309,1211993906247880704,none,none
1310,1169545403064356866,anger,other
1311,1152117902839078912,none,none
1312,1152571263753302018,other,disgust
1313,1111253177674936322,none,none
1314,1103432966645018625,none,none
1315,1239920645682716679,none,none
1316,1245616867290394624,joy,other
1317,1098519333691625472,disgust,other
1318,1250698871208054784,none,none
1319,1182252978624970752,disgust,other
1320,1205568337620586496,none,none
1321,1146383135489351680,none,none
1322,1229833584665645056,none,none
1323,1174757805192097794,none,none
1324,1198256549673816064,none,none
1325,1239829845963653126,anticipation,trust
1326,1250454328382554118,none,none
1327,"1,08655E+18",none,none
1328,1218050440362938369,none,none
1329,1241524944552460289,none,none
1330,1131440100603310081,disgust,trust
1331,1119189271494176768,anger,disgust
1332,1137027945954992129,disgust,anger
1333,1142900214711365632,none,none
1334,1205780013318057984,disgust,other
1335,1151498060582854669,none,none
1336,1096766001989996544,joy,other
1337,1177754388917563394,none,none
1338,1124806127957495811,none,none
1339,1197082122772779009,surprise,other
1340,1167678622460760064,disgust,other
1341,1107616752488329216,none,none
1342,1200447340932259841,none,none
1343,1164792017387286528,none,none
1344,1255963747233009667,none,none
1345,1167865029498064903,disgust,other
1346,1260110176306241539,anger,disgust
1347,1155511822931419136,anger,disgust
1348,1267189254427377665,none,none
1349,1176910005020372992,disgust,other
1350,1089488232188923905,anger,disgust
1351,1095388895020281856,anger,disgust
1352,1093445981675360256,none,none
1353,1164627891566645248,none,none
1354,1167114514527084546,other,disgust
1355,1155430649622409216,none,none
1356,1114174038837010434,none,none
1357,1142452423056941056,none,none
1358,1223545614685949952,anger,disgust
1359,1156950504888578048,none,none
1360,1244701085245345795,none,none
1361,1115684518822854657,disgust,other
1362,1272834255891116032,none,none
1363,1124967936534429697,surprise,other
1364,1207705916365139968,none,none
1365,1183128042144710656,none,none
1366,1249582672478945281,none,none
1367,1173175143029452801,disgust,anger
1368,1249643312602140674,none,none
1369,1199703093459464193,none,none
1370,1208879647217332224,disgust,other
1371,1153451948776939520,none,none
1372,1194555558508027904,none,none
1373,1171118384563572736,none,none
1374,1124351935501545474,none,none
1375,1098193066429689856,none,none
1376,1238549236356198401,anticipation,other
1377,1122138888795979776,none,none
1378,1208038049671778304,none,none
1379,1219850110789652480,none,none
1380,1094631362731147264,other,fear
1381,1107025617181134853,none,none
1382,1121112815400554496,other,disgust
1383,1122772914925916165,none,none
1384,1181215189917675520,anger,disgust
1385,1259717019529863168,disgust,surprise
1386,1200195205753982976,none,none
1387,1186788176347762688,none,none
1388,1082309016171225088,none,none
1389,1109066771351457792,none,none
1390,1088331362216669184,none,none
1391,1120970246129692672,none,none
1392,1128255711996207105,anger,disgust
1393,1130931282052026369,none,none
1394,1253683500672147457,none,none
1395,1260600498496983041,surprise,other
1396,1107258880369848320,disgust,surprise
1397,1164889821489352704,none,none
1398,1148981804419997701,none,none
1399,1109425252789047297,none,none
1400,1126121286638477312,trust,other
1401,1259838728492724226,anger,surprise
1402,1125786116404195328,none,none
1403,1106027221033074689,none,none
1404,1177555467331100673,none,none
1405,"1,08601E+18",anticipation,other
1406,1109043338030862343,none,none
1407,1239807514516107264,none,none
1408,1092416255406022656,joy,other
1409,1245966520045404160,none,none
1410,1143896622268649472,disgust,other
1411,1222559739713855488,none,none
1412,1195696831654776832,none,none
1413,1202861242077110272,anger,disgust
1414,1124907388824358913,none,none
1415,1181580412105187330,none,none
1416,1133998198584987648,other,disgust
1417,1239290961852858374,anger,disgust
1418,1199337430123343872,anger,disgust
1419,1238459918392479744,other,disgust
1420,1239963623285346304,disgust,other
1421,1114853781274017792,other,disgust
1422,1095945613336809478,anger,disgust
1423,1174751793064173570,anger,disgust
1424,1134547248275251200,anticipation,other
1425,1145610510710317057,none,none
1426,1183675756305616896,none,none
1427,1150849450463637504,other,anger
1428,1121407670366478338,anger,disgust
1429,1209466041539203072,none,none
1430,1144198913597071362,none,none
1431,1162137160943886337,none,none
1432,1239902243639439360,disgust,other
1433,1176041033228083201,none,none
1434,1227647336974823424,none,none
1435,1205919802163941377,none,none
1436,1177857814531846144,none,none
1437,1165188902245863424,none,none
1438,1238083597669732356,anticipation,other
1439,1093213165582725122,none,none
1440,1206491920819732480,none,none
1441,1169944552628785153,none,none
1442,1093495654817648653,none,none
1443,1088099670180544515,none,none
1444,1239491267165380608,none,none
1445,1153405868681175041,none,none
1446,1080116300750483456,none,none
1447,1197597486313017346,fear,disgust
1448,1190196379395641345,none,none
1449,1224696041674563584,none,none
1450,1091916760603856896,none,none
1451,1152626257093414917,none,none
1452,1143621844966268929,disgust,other
1453,1273338806385741838,none,none
1454,1171004438103973888,none,none
1455,1200134815661674496,none,none
1456,1259850750668218370,disgust,anger
1457,1250008549016702977,none,none
1458,1172583877573038086,none,none
1459,1252664584114245632,none,none
1460,1112273364368924672,none,none
1461,1140196080082141185,none,none
1462,1158383807545954305,surprise,other
1463,1269993651607941120,none,none
1464,1253965413680988160,none,none
1465,1197549864340602881,surprise,other
1466,1166826092486959104,none,none
1467,1232735904923619328,none,none
1468,1205539266778075142,fear,disgust
1469,1207031702654193665,none,none
1470,1115880310405828609,disgust,other
1471,1241235321179734016,disgust,other
1472,1093921832946802688,none,none
1473,1080170345510961157,none,none
1474,1196560263694213120,disgust,other
1475,1099481576294023168,none,none
1476,1258686348614983680,none,none
1477,1250436435158519808,surprise,other
1478,1188759545469964290,anger,disgust
1479,1201741591687421952,none,none
1480,1170402330082258945,none,none
1481,1164719038335016960,none,none
1482,1099002816327229441,none,none
1483,1153183792301056002,none,none
1484,1143172564925210625,other,disgust
1485,1163685480434675718,disgust,other
1486,1269303973519003651,disgust,anger
1487,1225449515777482753,none,none
1488,1168408690606706688,none,none
1489,1151747461385318400,none,none
1490,1114529576305164289,none,none
1491,1120964015331651584,none,none
1492,1158749655322300422,none,none
1493,1235240673395331073,none,none
1494,1127538914229661696,none,none
1495,1187292280056512513,none,none
1496,1207700266193166337,none,none
1497,1167221735126654979,none,none
1498,1189816276916613121,none,none
1499,1089900653646962689,none,none
1500,1181642844882309120,trust,other
1501,1192486296649916416,none,none
1502,1240597432079179783,anger,disgust
1503,1249661590854656001,disgust,other
1504,1092762435281448960,none,none
1505,1239159032285364229,other,trust
1506,1178552358202200064,other,disgust
1507,1256227650047225856,none,none
1508,1237310801192648704,none,none
1509,1121670640182804480,none,none
1510,1152528620432306176,none,none
1511,1083318587115343872,disgust,other
1512,1210582251605544961,disgust,other
1513,1247089653842395136,fear,other
1514,1178756800864296960,none,none
1515,1249413803969740801,none,none
1516,1248649010883309568,none,none
1517,1188017584538558470,none,none
1518,1164835525313744897,none,none
1519,1164671195888988160,disgust,anger
1520,1244590337517129731,disgust,other
1521,1231830094571868160,none,none
1522,1189856347707396099,none,none
1523,1160858123302821888,other,disgust
1524,1179156943824445441,other,trust
1525,1183706759204134912,none,none
1526,1121001223350624256,trust,disgust
1527,1167021581048131584,anger,disgust
1528,1205368103024103427,other,disgust
1529,1208493953164697600,none,none
1530,1172268051116568576,none,none
1531,1262450970799345664,surprise,other
1532,1167414319098843137,none,none
1533,1084390094272905217,none,none
1534,1205960745374113793,disgust,other
1535,1164168075358478337,disgust,sadness
1536,1247131902793973761,other,disgust
1537,1117530689841377286,other,sadness
1538,1171416353984659456,other,disgust
1539,1243877039897223168,none,none
1540,1275516338186977280,none,none
1541,1259754414497202176,none,none
1542,1235310998883569666,anger,other
1543,1273878841497452544,anger,disgust
1544,1158306588316377088,none,none
1545,1116328101204647937,other,disgust
1546,1149581306449186818,none,none
1547,1222795877963784192,none,none
1548,1164441979993956353,disgust,other
1549,1152588880983384064,none,none
1550,1221519613751627777,none,none
1551,1106828731899957251,none,none
1552,1161504447903731714,none,none
1553,1248704303990177793,none,none
1554,1153378743794188288,other,disgust
1555,1141699587390017537,surprise,disgust
1556,1161595436316221440,other,disgust
1557,1164925042704232448,none,none
1558,1170223688337088512,none,none
1559,1154653989939662848,sadness,disgust
1560,1231883925816999936,none,none
1561,1249005783381049344,anger,disgust
1562,1127938514803466240,none,none
1563,1254437462157537281,none,none
1564,1181374913384472576,other,disgust
1565,1237839470499520512,other,disgust
1566,1165966046056071168,other,disgust
1567,1247093526250303488,disgust,anger
1568,1119196942410579968,none,none
1569,1253385728349941760,none,none
1570,1167706498065207296,none,none
1571,1121667442185367553,none,none
1572,1150151649710751744,other,disgust
1573,1127143855655215105,none,none
1574,1245265887931904000,none,none
1575,1115970965295570944,none,none
1576,1099599790323761152,none,none
1577,1255197566385500160,none,none
1578,1202578637637206017,none,none
1579,1080753799919108096,none,none
1580,1237857495852494848,anticipation,other
1581,1247813287770718208,none,none
1582,1123940735181557761,none,none
1583,1166307265797926912,none,none
1584,1108342445060833280,none,none
1585,1155849317497876480,other,trust
1586,1140662434753056769,other,disgust
1587,1121312904836472832,none,none
1588,1164893017888698368,none,none
1589,1241028977143230466,trust,other
1590,1247492373762002947,none,none
1591,1118426699153248256,none,none
1592,1174813029940305920,none,none
1593,1094748034070704129,joy,other
1594,1120753239966801922,surprise,other
1595,1184758335322460160,none,none
1596,1197130437967175682,none,none
1597,1141297587649220608,none,none
1598,1168791098417963008,none,none
1599,1113073527396106240,none,none
1600,1108300594010304512,none,none
1601,1155766321449017345,none,none
1602,1239960194991489029,other,disgust
1603,1121138885399126016,none,none
1604,1171744029219971072,none,none
1605,1240311078803968000,surprise,disgust
1606,1161389415018717185,other,disgust
1607,1085811542396784640,none,none
1608,1258310488737353730,none,none
1609,1117331093198446592,surprise,disgust
1610,1239628183877681152,none,none
1611,1259843923373154304,other,disgust
1612,1157669825528893441,disgust,other
1613,1125935026359631877,anger,disgust
1614,1162653513501040640,none,none
1615,1244593173030154240,none,none
1616,1176904340025552897,none,none
1617,1121368143597670401,none,none
1618,1085638964680249344,none,none
1619,1215738188100243458,disgust,other
1620,1122764966245875712,none,none
1621,1243182749835505665,none,none
1622,1156885824182423552,none,none
1623,1153359591532572674,disgust,other
1624,1234501324324163586,disgust,anger
1625,1109432326709305344,none,none
1626,1087285667397287936,none,none
1627,1226083371387891712,none,none
1628,1170784163403841536,none,none
1629,1131478997068656642,none,none
1630,1168966669571624961,disgust,anger
1631,1166970629972791296,disgust,anger
1632,1241298432385593345,none,none
1633,1166703241557499904,none,none
1634,1194896633626025984,none,none
1635,1092023853755305987,none,none
1636,1204116180371492870,none,none
1637,1194370619703484422,none,none
1638,1158432058483630080,disgust,other
1639,1082186339448209410,none,none
1640,1221037957123072001,disgust,other
1641,1146339431751856128,none,none
1642,1247418548319854592,none,none
1643,1217851718450536448,none,none
1644,1126005597080625152,none,none
1645,1138146165365645312,none,none
1646,1267867344388239361,none,none
1647,1149795581478526978,none,none
1648,1242978821156089864,none,none
1649,1213817924596719616,none,none
1650,1184401356578115584,none,none
1651,1240760699795759112,sadness,disgust
1652,1098515169255346178,none,none
1653,1261301289016872960,none,none
1654,1207604658795143168,sadness,disgust
1655,1082060660035465216,anger,other
1656,1129393721001299968,none,none
1657,1187625054747742208,none,none
1658,1212055900967575552,none,none
1659,1163188444115406850,other,disgust
1660,1240277572115673088,none,none
1661,1131249455854964743,disgust,other
1662,1128480239628242945,none,none
1663,1155349547528462336,other,disgust
1664,1249056445775122436,none,none
1665,1258108802139856905,none,none
1666,1257595676562722816,none,none
1667,1178934726553460737,none,none
1668,1098320625247096833,none,none
1669,1191970542049464321,other,disgust
1670,1207763936898158594,none,none
1671,1194316993366831109,none,none
1672,1119596471060500480,anger,disgust
1673,1199320311281471488,none,none
1674,1099670349346689024,none,none
1675,1134475208037941250,none,none
1676,1114182050528079873,none,none
1677,1258362025408946176,other,disgust
1678,1233428389484253184,surprise,joy
1679,1118067255856779264,none,none
1680,1130473777429565441,none,none
1681,1217397095235063809,none,none
1682,1195797908169396224,none,none
1683,1152193193695481857,none,none
1684,1243205496645058563,none,none
1685,1181610381535535109,none,none
1686,1168241234965598208,none,none
1687,1098251683434500096,none,none
1688,1275496502509608961,none,none
1689,1119346546384961536,other,disgust
1690,1099826401593753603,none,none
1691,1172186383038857221,none,none
1692,1100078448003956738,other,disgust
1693,1133032716071526400,none,none
1694,1145293411026710529,none,none
1695,1203967005310832640,none,none
1696,1121083898518282240,none,none
1697,1253192103678693379,none,none
1698,1144244908993261568,none,none
1699,1240578632243912704,none,none
1700,1215545434380304385,none,none
1701,1107761355807838209,none,none
1702,1108079205051453440,none,none
1703,1242427977968889856,trust,joy
1704,1099833103776997376,none,none
1705,1247511902940520448,anger,disgust
1706,1143432453996109824,none,none
1707,1164329033221455872,none,none
1708,1167856699820118019,other,disgust
1709,1095651372970795009,none,none
1710,1195631335706152961,none,none
1711,1141203693137793026,other,disgust
1712,1118976834522288128,none,none
1713,1215659812442247173,other,disgust
1714,1193799198342336513,none,none
1715,1187303384317136897,none,none
1716,1169351578949750785,none,none
1717,1240695869285924864,none,none
1718,1212418986975137792,anger,disgust
1719,1239642871143284736,none,none
1720,1141758264507609089,other,disgust
1721,1254841687253422080,none,none
1722,1097869931125735424,none,none
1723,1152546061334077440,none,none
1724,1127152380309454850,none,none
1725,1084153554372382721,none,none
1726,1115139995952611329,none,none
1727,1093189402866651136,other,disgust
1728,1079914457923502082,none,none
1729,1176584607858401280,other,disgust
1730,1154043081965989895,disgust,other
1731,1261366179844653057,none,none
1732,1151202635271286788,none,none
1733,1253333459373711360,none,none
1734,1215925762701873152,disgust,other
1735,1137472914159280129,other,disgust
1736,1142424109139267584,disgust,anger
1737,1225465511569481728,none,none
1738,1109049743995555841,none,none
1739,1140432590089965573,anticipation,other
1740,1233626472000167936,anger,disgust
1741,1166717031678234624,none,none
1742,1143084482913800194,disgust,other
1743,1237842093319413760,anger,disgust
1744,1150305474534944768,disgust,anger
1745,1168474010134425600,other,disgust
1746,1237322138023006208,anger,disgust
1747,1206951258961170439,none,none
1748,1234044571513999360,none,none
1749,1243105889428672512,none,none
1750,1171503838328569857,other,disgust
1751,1130025317836496896,none,none
1752,1105153695212290049,other,disgust
1753,1263029025401974785,none,none
1754,1157771660419690497,none,none
1755,1110911458047639553,none,none
1756,1173854128587661312,none,none
1757,1219128637137530881,none,none
1758,1242906367599534080,none,none
1759,1259756016968712192,none,none
1760,1102213398673145857,disgust,anger
1761,1233951735850373249,none,none
1762,1133039711747039232,surprise,other
1763,1139764780758122496,disgust,other
1764,1170226131800416256,none,none
1765,1173172500026527744,trust,other
1766,1112542638169882627,none,none
1767,1240027034270793728,none,none
1768,1155761739545358336,disgust,other
1769,1184554638441373696,none,none
1770,1136323357849391104,none,none
1771,1153946724454547458,disgust,other
1772,1245320968937132033,none,none
1773,1194587194175950849,none,none
1774,1195573314917457920,none,none
1775,1172178383742128134,disgust,anger
1776,1121038104658370565,none,none
1777,1170013977839112195,anger,disgust
1778,1088775478096338944,none,none
1779,1207688812010315777,disgust,other
1780,1224329460763095041,none,none
1781,1198658634475024385,disgust,other
1782,1246157495707545607,none,none
1783,1157289193724399616,disgust,other
1784,1225180018919256064,anger,disgust
1785,1239991652124626950,joy,anticipation
1786,1257165928107778054,none,none
1787,1083025562308935680,none,none
1788,1275475413654032385,other,disgust
1789,1166813305199087618,none,none
1790,1163295186329440257,other,disgust
1791,1277312873006608384,anger,disgust
1792,1128132855459086338,none,none
1793,1204487143206334472,none,none
1794,1235984716748206083,none,none
1795,1195107276555603970,none,none
1796,1257275932366254082,anger,disgust
1797,1152855736562663424,none,none
1798,1168474524939104256,none,none
1799,1240017719707271168,anger,disgust
1800,1216746502967758849,none,none
1801,1197844905323847682,none,none
1802,1153588030604791808,other,disgust
1803,1185070591264604160,none,none
1804,1189479970063683584,other,disgust
1805,1134007124588150784,other,disgust
1806,1182347174543319040,none,none
1807,1192206955336675329,none,none
1808,1176954597186969600,none,none
1809,1166694559692328960,none,none
1810,1172102703310356480,none,none
1811,1239626076432859138,none,none
1812,1248679550290190336,none,none
1813,1115159184377561088,none,none
1814,1164497460955406336,other,disgust
1815,1144625399416152065,other,disgust
1816,1143623781052796931,surprise,other
1817,1195139200699514880,anger,disgust
1818,1122188679340945408,none,none
1819,1127891653870665729,none,none
1820,1155421158063443968,none,none
1821,1167096028878839808,none,none
1822,1275661275721338882,surprise,other
1823,1249661723713458176,sadness,other
1824,1108074773903560705,none,none
1825,1240353716420710401,none,none
1826,1080048122317791237,none,none
1827,1148999762106048514,none,none
1828,1239871903998840833,trust,other
1829,1154686082677538817,none,none
1830,1247506720240340994,none,none
1831,1181826146926759936,anger,disgust
1832,1164121692047912960,none,none
1833,1080852026555330560,none,none
1834,1253976729976295424,other,disgust
1835,1145180193960734721,none,none
1836,1193980516187430912,none,none
1837,1247132101507461120,anger,disgust
1838,1214535472019578880,none,none
1839,1125279095703650305,none,none
1840,1112691098084917248,none,none
1841,1169726081928171522,other,disgust
1842,1126135124146491396,none,none
1843,1207606535561592833,none,none
1844,1192536596349894658,other,disgust
1845,1258094481095753729,none,none
1846,1097477050749931522,other,surprise
1847,1274021430041153542,anticipation,other
1848,1191691403501301760,none,none
1849,1224317381822033920,surprise,anger
1850,1176822249116098560,disgust,other
1851,1186167645823029249,none,none
1852,1115153939274428416,none,none
1853,1162479185832681472,none,none
1854,1240593230133166082,joy,other
1855,1228310277864796162,other,disgust
1856,1166991433582239744,none,none
1857,1173162233364393984,anger,disgust
1858,1169824999223414784,other,disgust
1859,1173653235749609473,none,none
1860,1243830069967171589,anger,other
1861,1148863858980904960,none,none
1862,1208283681003061248,disgust,other
1863,1211631485733748736,none,none
1864,1202237757365424129,none,none
1865,1237070196390735873,anticipation,other
1866,1108090513301950465,joy,trust
1867,1213122718838734848,surprise,joy
1868,1247083121650077696,joy,anticipation
1869,1249469260067454976,joy,trust
1870,1235891190471503877,trust,joy
1871,1084211526934908929,joy,trust
1872,1253429983998951425,joy,trust
1873,1226957172648665095,trust,joy
1874,1232085338040020992,trust,joy
1875,1247205316669947904,trust,anticipation
1876,1249652152458493952,trust,anticipation
1877,1264521376465137664,trust,joy
1878,1261029819644555274,trust,joy
1879,1256920830350692353,anticipation,trust
1880,1234597286971412482,trust,joy
1881,1253951450281136128,trust,joy
1882,1200020573038010369,joy,trust
1883,1150043736816177153,joy,trust
1884,1150431476879675393,joy,trust
1885,1246541510872629250,anticipation,trust
1886,1257025668522684417,anticipation,joy
1887,1237800863781060609,joy,trust
1888,1172492144055128065,trust,anticipation
1889,1179737951703580672,trust,anticipation
1890,1192740077304270849,trust,joy
1891,1237302593061339137,anticipation,trust
1892,1240355778789355526,trust,joy
1893,1157389366894977030,anticipation,joy
1894,1246713733839302656,trust,joy
1895,1159927629753049095,trust,joy
1896,1182415894145916938,trust,joy
1897,1200333937517744128,anticipation,joy
1898,1230033264531865609,joy,anticipation
1899,1113115761193766913,joy,trust
1900,1242175962051219459,trust,anticipation
1901,1266690136076693504,trust,joy
1902,1253801736394899456,trust,joy
1903,1212774301197328384,anticipation,trust
1904,1269277964849553413,joy,trust
1905,1201564669657407491,joy,trust
1906,1226233863078367232,trust,joy
1907,1208129452959551488,surprise,trust
1908,1173312332212178944,joy,trust
1909,1147470561762844677,trust,joy
1910,1212846432866181134,joy,anticipation
1911,1243851065625317384,trust,joy
1912,1239865920018939909,anticipation,trust
1913,1256318234963456002,trust,joy
1914,1193223905957339137,joy,trust
1915,1176216925791277056,surprise,trust
1916,1258431871400259584,trust,joy
1917,1168172163100229637,trust,anticipation
1918,1255643750686228480,trust,joy
1919,1192253341012656129,trust,joy
1920,1239619405631442944,trust,joy
1921,1252720757349715969,trust,joy
1922,1168177739276390401,trust,joy
1923,1084074855002267649,surprise,trust
1924,1253346879456362497,trust,anticipation
1925,1212892588971352069,trust,surprise
1926,1205928192646799360,trust,surprise
1927,1269228529427910656,trust,anticipation
1928,1239861098083467264,trust,joy
1929,1231722316956131328,trust,anticipation
1930,1255496878705332228,surprise,trust
1931,1260302740321902601,trust,surprise
1932,1225045879951908864,trust,anticipation
1933,1186704841709633536,trust,anticipation
1934,1224321012231233536,trust,anticipation
1935,1160439457755086853,trust,joy
1936,1260660785652436993,trust,joy
1937,1180451238019784704,surprise,trust
1938,1217187259620974593,trust,joy
1939,1244398182500573191,trust,anticipation
1940,1212478398418825216,trust,joy
1941,1180231480263548928,trust,joy
1942,1202661834068758529,trust,joy
1943,1180987523872575488,trust,joy
1944,1078739701228584964,trust,joy
1945,1164199161148956673,trust,surprise
1946,1176919364660072448,anticipation,joy
1947,1253422498407833602,joy,trust
1948,1257348274312433664,surprise,joy
1949,1233514979569160197,trust,anticipation
1950,1179140117082054663,trust,joy
1951,1223996038463266817,surprise,anticipation
1952,1176336859468894208,trust,anticipation
1953,1259027212587630594,trust,anticipation
1954,1160621351595642885,anticipation,joy
1955,1198686284560158720,trust,surprise
1956,1251278911461380098,trust,surprise
1957,1254442727921631232,trust,joy
1958,1242221310115274752,trust,anticipation
1959,1211408148218761219,surprise,anticipation
1960,1226173184447258625,trust,anticipation
1961,1231213019843178502,anticipation,trust
1962,1237308719836344320,trust,joy
1963,1248598326095892480,trust,joy
1964,1256737020153597953,trust,joy
1965,1159241408471080960,trust,joy
1966,1165732200068931585,trust,surprise
1967,1158993355046563841,trust,surprise
1968,1248626941655011330,trust,surprise
1969,1240606554107363330,trust,surprise
1970,1239923012448681984,trust,anticipation
1971,1200467997888065536,trust,surprise
1972,1139511301921804288,trust,joy
1973,1218844659109285889,trust,anticipation
1974,992730272289513472,trust,joy
1975,1241389839578210305,trust,joy
1976,1264156547992686592,anticipation,surprise
1977,1214614669484265474,trust,anticipation
1978,1264944903957745667,joy,anticipation
1979,1102146153657888768,anticipation,trust
1980,1249259498310635520,trust,anticipation
1981,1213220390660661248,trust,surprise
1982,1090362650222043137,joy,trust
1983,1154177971986587648,anticipation,trust
1984,1261052536968142848,trust,surprise
1985,1255960919957540866,trust,surprise
1986,1242209090165780485,anticipation,joy
1987,1176203989001605123,joy,trust
1988,1250708118629240834,anticipation,joy
1989,1258364008853372930,trust,joy
1990,1239987685240045568,surprise,trust
1991,1127989738399571968,trust,anticipation
1992,1073224290319908866,trust,joy
1993,1146935123071442951,surprise,joy
1994,1263859894123409408,trust,surprise
1995,1232084649108738049,trust,anticipation
1996,1255606966988177409,trust,anticipation
1997,1266023507261034496,trust,anticipation
1998,1168178240424488961,trust,anticipation
1999,1232709054662877184,anticipation,trust
2000,1255589871470759936,trust,surprise
2001,1182726014541148160,trust,joy
2002,1220462417290956800,anticipation,other
2003,1203351978102939648,anticipation,trust
2004,1255998251343503360,trust,joy
2005,1208161264066793472,trust,joy
2006,1119243033566957568,trust,joy
2007,1256542185346027522,joy,trust
2008,1226100697600491523,trust,joy
2009,1210151302258450433,trust,anticipation
2010,1247997458023682051,trust,joy
2011,1180857737523208194,anticipation,trust
2012,1207697279701987328,surprise,trust
2013,1202022574361849856,trust,joy
2014,1154394624053698560,trust,surprise
2015,1248191562003202049,anticipation,anticipation
2016,1226178614896578561,trust,joy
2017,1250485801932263427,trust,anticipation
2018,1247766105264754692,trust,anticipation
2019,1179313779777126400,trust,anticipation
2020,1264161757423177728,trust,joy
2021,1216991017225871360,trust,joy
2022,1246395373524058113,trust,surprise
2023,1213477715250229248,anticipation,trust
2024,1244624775428878346,trust,joy
2025,1235272888929918980,anticipation,trust
2026,1143033208734388224,trust,anticipation
2027,1217748167074160640,trust,joy
2028,1174234902700744704,trust,joy
2029,1215746022573510656,joy,anticipation
2030,1178348291010056192,anticipation,trust
2031,1259514761965862912,joy,trust
2032,1220237367992373249,trust,joy
2033,1153411080183586817,trust,joy
2034,1190932088519888896,trust,joy
2035,1181072561091862529,trust,joy
2036,1210141889959276544,trust,anticipation
2037,1059426127524098049,trust,surprise
2038,1214297103469551623,surprise,joy
2039,1109098422785593344,trust,joy
2040,1091126452739887104,trust,joy
2041,1239299814032105477,trust,joy
2042,1256968661669163008,anticipation,trust
2043,1212833148431716352,joy,trust
2044,1235584192215486465,trust,joy
2045,1218305711362465792,trust,surprise
2046,1108129920969072641,trust,joy
2047,1239871801917943808,trust,joy
2048,1266308064812072960,trust,anticipation
2049,1196379215395991553,joy,trust
2050,1240006776969482240,trust,anticipation
2051,1257711112239357952,trust,joy
2052,1084043454387236865,joy,trust
2053,1202688658148675587,trust,surprise
2054,1210663001696677889,anticipation,trust
2055,1256903966425845761,joy,trust
2056,1262806510205308935,trust,anticipation
2057,1224294033276665856,anticipation,trust
2058,1229902503405400065,trust,joy
2059,1205970728576864257,anticipation,trust
2060,1253967553069756416,trust,joy
2061,1223310957734236160,trust,joy
2062,1241313254510641152,trust,surprise
2063,1206363477545308165,trust,joy
2064,1247656215271833602,trust,joy
2065,1168636822332891141,trust,joy
2066,1229532325475737608,joy,trust
2067,1174367960619786248,trust,surprise
2068,1251604392547160067,anticipation,trust
2069,1174990058778189825,anticipation,joy
2070,1247958302975295492,trust,surprise
2071,1166673022524252166,joy,trust
2072,1247616023190294528,trust,anticipation
2073,1219744039051972612,anticipation,trust
2074,1141305142731530243,trust,surprise
2075,1218577054691622912,joy,other
2076,1250812932100968455,joy,other
2077,1173143605466292224,joy,trust
2078,1225790937558929409,joy,other
2079,1249090409537601536,joy,trust
2080,1168800693324529664,trust,joy
2081,1145642592580886530,joy,anticipation
2082,1169285902159491072,trust,joy
2083,1149408975529623552,trust,joy
2084,1201863919666679808,trust,joy
2085,1158335718776803330,trust,joy
2086,1229849131939762176,joy,anticipation
2087,1259583024037072901,trust,joy
2088,1180786067454201857,trust,joy
2089,1140624925373403137,joy,anticipation
2090,1178403247809335301,trust,joy
2091,1173197204619694080,trust,joy
2092,1239307606742781952,trust,joy
2093,1138917360042237954,joy,anticipation
2094,1179500890572693504,trust,joy
2095,1156817407400452096,joy,surprise
2096,1232416536469606401,trust,joy
2097,1070480006449651713,trust,joy
2098,1233494189553397768,surprise,joy
2099,1190707760788312066,trust,joy
2100,1221044731167330304,anticipation,trust
2101,1224013593525542912,anticipation,trust
2102,1250512544961306626,trust,joy
2103,1070317059140214785,joy,anticipation
2104,1219371712900452360,trust,joy
2105,1052599561653383168,trust,other
2106,1256955534646919168,trust,surprise
2107,1246452588050108418,trust,joy
2108,1216466668416917508,trust,joy
2109,1250705866904436736,joy,other
2110,1208879360633163776,trust,joy
2111,1224300470392578049,trust,joy
2112,1206096149792382977,surprise,trust
2113,1191096416632025089,trust,anticipation
2114,1253919611478855681,trust,joy
2115,1244019516226654208,surprise,trust
2116,1228347275652554752,joy,surprise
2117,1217664666815672322,joy,trust
2118,1260561342454353922,trust,joy
2119,1125367755748847617,trust,other
2120,1181522866824716288,trust,joy
2121,1252922106771320836,trust,joy
2122,1160112492141522945,trust,joy
2123,1195733182471188480,surprise,trust
2124,1250702588804247559,joy,trust
2125,1241483760547307523,trust,joy
2126,1160407492742000640,surprise,other
2127,1200168324480536576,joy,trust
2128,1256727469140443136,joy,other
2129,1222272571636375552,joy,trust
2130,1181545075995762688,anticipation,other
2131,1094900549080829957,joy,trust
2132,1071880053292720128,trust,other
2133,1246453557093642240,trust,joy
2134,1189660419583074304,trust,joy
2135,1145736570399612929,trust,anticipation
2136,1233145476284919820,trust,joy
2137,1247639842999189510,trust,joy
2138,1248780421560705024,trust,joy
2139,1190581402623979522,joy,trust
2140,1197638896672296965,trust,joy
2141,1169903588211970050,trust,joy
2142,1100820175379664897,trust,anticipation
2143,1223054526669893633,trust,joy
2144,1083827418165596171,trust,joy
2145,1051791747284684800,trust,joy
2146,1239618445454594049,trust,anticipation
2147,1256310957455880193,trust,joy
2148,1263178419522752512,trust,joy
2149,1228999854749310977,surprise,joy
2150,1251553799816253440,surprise,joy
2151,1118451588824207360,trust,other
2152,1254331053474529280,joy,other
2153,1235661302229581826,joy,other
2154,1130147403196260352,trust,other
2155,1175454149460353042,trust,joy
2156,1021641405838569472,trust,other
2157,1204153276268199936,surprise,joy
2158,1249298797945139203,trust,joy
2159,1239486823782629376,anticipation,joy
2160,1217476569536647171,trust,other
2161,1191357353448419329,trust,joy
2162,1211616938201403393,trust,other
2163,1248203888320184321,anticipation,joy
2164,1249506174468325376,surprise,joy
2165,1205782516457758720,trust,joy
2166,1243209131688955907,trust,joy
2167,1197642001237397510,trust,joy
2168,1245653753568448514,surprise,other
2169,1143488703211409408,trust,joy
2170,1242945890723258369,trust,joy
2171,1161191878802518016,trust,joy
2172,1186377182098186241,trust,anticipation
2173,1167925700566761473,anticipation,joy
2174,1252640498981969921,trust,joy
2175,1227898308745728000,trust,surprise
2176,1246752246278258688,trust,anticipation
2177,1214295213159653376,trust,anticipation
2178,1242894711301513216,joy,trust
2179,1196193027284492288,joy,trust
2180,1156539848314036224,joy,trust
2181,1251025292795219968,surprise,joy
2182,1157988667648040961,anticipation,trust
2183,1239629359637553159,trust,joy
2184,1073608075133767681,trust,joy
2185,1248258762223353856,trust,surprise
2186,1176863829906640896,trust,joy
2187,1216302586724261890,trust,joy
2188,1174816415691476998,trust,joy
2189,1208270393846456320,trust,surprise
2190,1218651853409439746,trust,joy
2191,1249289055172468736,anticipation,joy
2192,1236958905797926915,trust,joy
2193,1253642755471015936,trust,anticipation
2194,1255615794668548096,surprise,joy
2195,1212869898399031300,trust,joy
2196,1220095451355066370,surprise,trust
2197,1266017084397563909,anticipation,trust
2198,1204150251503964160,trust,joy
2199,1228712622662569984,anticipation,joy
2200,1187672255804903425,trust,joy
2201,1173719964680892416,trust,surprise
2202,1198157060350840832,joy,trust
2203,1253722757797462016,surprise,trust
2204,1222273119550877696,anticipation,trust
2205,1225819891623714821,anticipation,joy
2206,1021819819119845379,trust,surprise
2207,1223994470980603907,trust,joy
2208,1146017992112783360,anticipation,surprise
2209,1175309148315115521,trust,joy
2210,1084956771851079681,anticipation,trust
2211,1188554426891546625,trust,joy
2212,1239526478972358658,trust,joy
2213,1244689846716764160,trust,joy
2214,1250303224558440452,surprise,trust
2215,1160904694002331648,trust,joy
2216,1253040445216772097,trust,joy
2217,1235630893986992131,surprise,joy
2218,1142168838861131777,trust,joy
2219,1239595980305170433,trust,joy
2220,1233052131533479937,surprise,joy
2221,1247180924455919617,trust,joy
2222,1199661294321913856,surprise,trust
2223,1190907164325564416,trust,joy
2224,1149806710581841922,trust,anticipation
2225,1234944110781485056,trust,anticipation
2226,1190906380099698689,joy,anticipation
2227,1210348924504068097,anticipation,trust
2228,1222946627662622721,anticipation,trust
2229,1247952842125647872,trust,joy
2230,1076737353035718656,anticipation,trust
2231,1104006220904628229,anticipation,trust
2232,1153945278384394240,joy,trust
2233,1256698822023053317,trust,joy
2234,1224711282974248960,trust,joy
2235,1156921276755263490,surprise,joy
2236,1179491733186498561,anticipation,joy
2237,1164209576117440517,trust,joy
2238,1220819223003398144,trust,anticipation
2239,1232324631463366658,trust,joy
2240,1237310661945954304,joy,trust
2241,1235112142908596226,trust,joy
2242,1246840059871006721,joy,trust
2243,1244681414047608834,trust,joy
2244,1208446953845088257,trust,anticipation
2245,1207316718244237313,trust,joy
2246,1246865864118415360,joy,anticipation
2247,1173196596684763136,joy,trust
2248,1183450405734440966,trust,anticipation
2249,1180507254086393859,trust,joy
2250,1258017239636365314,anticipation,trust
2251,1177327644137984000,anticipation,trust
2252,1240004852027138048,trust,joy
2253,1209829559828398080,trust,joy
2254,1256710351548297229,trust,joy
2255,1210174324285562880,trust,anticipation
2256,1173207404470837248,joy,trust
2257,1232490055610064897,trust,joy
2258,1160320263667556352,trust,joy
2259,1262488118852235264,trust,joy
2260,1264965732686802947,trust,joy
2261,1265276221929279489,trust,anticipation
2262,1265628006476910593,joy,trust
2263,1059437187454959617,surprise,trust
2264,1252938882133483520,trust,joy
2265,1218996744509362176,anticipation,trust
2266,1251251409808490496,anticipation,trust
2267,1237329957480738817,trust,joy
2268,1181556455067066369,trust,joy
2269,1185893400362602496,anticipation,joy
2270,1249093834438578180,trust,joy
2271,1103453614209753088,trust,joy
2272,1184934919178457088,trust,joy
2273,1212780417977372674,trust,joy
2274,1233148292374188033,trust,surprise
2275,1107359457246355457,surprise,trust
2276,1166796713757237248,anticipation,joy
2277,1231133479582261248,trust,joy
2278,1196177129081384960,trust,joy
2279,1255978765169111042,joy,trust
2280,1259242824270319621,trust,joy
2281,1256484339015090176,trust,joy
2282,1235673030040457217,trust,joy
2283,1232418117915201536,joy,trust
2284,1258134436958351363,trust,joy
2285,1088886410210349056,trust,joy
2286,1088904419935174658,joy,trust
2287,1249069686656061442,trust,anticipation
2288,1257244410607292416,trust,anticipation
2289,1173939586218778626,trust,joy
2290,1218279417526530049,anticipation,joy
2291,1154417891237859329,anticipation,trust
2292,1232446900478963713,trust,joy
2293,1261766163660451842,trust,joy
2294,1245343689997717504,anticipation,trust
2295,1232074964959932416,trust,anticipation
2296,1166268431789899776,trust,joy
2297,1246152854357839872,trust,anticipation
2298,1191794341020348416,anticipation,joy
2299,1220431690721611778,anticipation,trust
2300,1264537980015988741,trust,joy
2301,1183689126052356096,anticipation,joy
2302,1246522337824030720,anticipation,joy
2303,1177283242799579136,trust,joy
2304,1207683185074737152,trust,surprise
2305,1166681378848759808,trust,joy
2306,1249095792469688320,surprise,joy
2307,1204478430085091328,trust,surprise
2308,1163835316026912768,anticipation,joy
2309,1247801450169643015,surprise,joy
2310,1248878193253195777,trust,joy
2311,1205956375005794305,trust,joy
2312,1147138182435287041,anticipation,trust
2313,1149790531616223234,trust,surprise
2314,1258489280114167809,surprise,joy
2315,1159219775081517057,surprise,anticipation
2316,1233138482727596050,surprise,trust
2317,1089972559616098304,joy,anticipation
2318,1212831121492389888,surprise,trust
2319,1223701484782727171,joy,anticipation
2320,1239694804080037888,trust,joy
2321,1256655034068152321,trust,trust
2322,1230904613592850432,trust,joy
2323,1151910463560699907,trust,joy
2324,1216519332571893761,surprise,trust
2325,1243623862635507712,trust,anticipation
2326,1262286888787902464,trust,anticipation
2327,1246200691665899527,trust,anticipation
2328,1187975341983318019,trust,joy
2329,1194328831903051777,trust,anticipation
2330,1165247159589056513,trust,joy
2331,1181280453002706946,trust,joy
2332,1227589184317198337,trust,anticipation
2333,1267160396751941634,anticipation,trust
2334,1218482823713169409,trust,anticipation
2335,1258328735536820224,anticipation,trust
2336,1158715333810753537,anticipation,trust
2337,1189945187486834690,trust,surprise
2338,1116100733525536769,trust,surprise
2339,1171071990846885890,trust,anticipation
2340,1103412105217232896,anticipation,joy
2341,1223515983467438080,trust,joy
2342,1239489002857775104,anticipation,surprise
2343,1173740095855370241,joy,trust
2344,1160153702394736640,anticipation,joy
2345,1078768537693499392,trust,anticipation
2346,1256991802990694405,joy,trust
2347,1237684427339313152,anticipation,joy
2348,1257447543711109121,anticipation,joy
2349,1210169703488008193,trust,anticipation
2350,1214705015744598018,trust,anticipation
2351,1202367388890652673,anticipation,trust
2352,1239707615929589761,trust,anticipation
2353,1160942119693029377,trust,joy
2354,1258005117812576257,trust,surprise
2355,1223697731216080897,trust,joy
2356,1266674954000650240,surprise,trust
2357,1193152106192130048,trust,anticipation
2358,1160146077204586496,anticipation,joy
2359,1193141245520044032,anticipation,joy
2360,1251948086487846912,trust,joy
2361,1250897931068039168,trust,anticipation
2362,1256336716266233856,trust,joy
2363,1174239245277499398,anticipation,joy
2364,1256258433491382275,anticipation,trust
2365,1248179324311801856,trust,anticipation
2366,1246437580805210113,trust,surprise
2367,1253986828065087488,trust,anticipation
2368,1240336147081056263,anticipation,trust
2369,1251228056775262209,trust,joy
2370,1227694293055365121,trust,joy
2371,1164263060074311682,anticipation,joy
2372,1187441752090841091,trust,joy
2373,1087082392295170048,trust,joy
2374,1236040203233562625,surprise,joy
2375,1247652158654296064,trust,joy
2376,1252424254315835392,trust,joy
2377,1145973577654648833,trust,joy
2378,1111727849617195011,trust,surprise
2379,1239941939870474240,trust,joy
2380,1250546929622286337,joy,trust
2381,1229888112391839744,anticipation,trust
2382,1251214243145429000,surprise,joy
2383,1200315000109359105,joy,trust
2384,1200976794830200832,trust,joy
2385,1248351987944632320,trust,joy
2386,1176583558628069376,joy,trust
2387,1187029309581647877,trust,anticipation
2388,1250908152268193792,trust,joy
2389,1243129822081101825,trust,joy
2390,1202122840935485441,trust,surprise
2391,1246855525666566145,trust,joy
2392,1254570120237797378,surprise,trust
2393,1147813902803243008,surprise,anticipation
2394,1239324855226568704,anticipation,joy
2395,1095636241222119427,trust,joy
2396,1192716832358178816,trust,anticipation
2397,1186179690068877312,anticipation,trust
2398,1094218112566669312,trust,anticipation
2399,"1,25703E+18",trust,anticipation
2400,1081954304158765056,trust,joy
2401,1208863765137149952,anticipation,trust
2402,1147151046063611905,trust,anticipation
2403,1256657828447690752,trust,anticipation
2404,1249306338947203073,trust,joy
2405,1246146974975492097,trust,anticipation
2406,1216254064884965376,trust,anticipation
2407,1261039184246161409,trust,